name,email,phone_number,birthday,ssn,credit_card_number,name_masked,credit_card_number_masked,ssn_tokenized,email_tokenized,age_range,phone_number_noisy
Daniel Stewart,smorris@example.net,1400909935389253,2005-05-29,667-89-3104,4916689548128615,**************,****************,gAAAAABmZnCfTsglJo7VcNmKAS1IKMtNwnITD5MbLURf97aUrqr6cs8Wfiqj26UNK2CBr0LD6GNohHwgguAsaitbfIIKosiUhw==,gAAAAABmZnCf78sxzyhXFzAdZwJEHjSID4MQKAJIdQLc_5F13wUhuwKozuHg9HyFMGRUEBejrsX1rv2m2kwLpurdbK5Hh1deRjJbW6PfThHwtod7lxrzurE=,18-29,1400909935389254.0
Nichole Mclaughlin,sarah37@example.org,7724268386,2015-11-04,800-62-2256,3567043876110460,******************,****************,gAAAAABmZnCfWD56AyqKUUbebAeSB8q1nwcd9cSXd0SzXtqJjyos4pAP1ODzWWRe9oBJZJxXTPkDW5sbV1l1FCSzXIYxTD5tug==,gAAAAABmZnCftLJ6dLmU1qOPqaByBHs6yQu4C4Mc8q7CxF2eu0EU5yblTABGdY9whJBNFx-aEd_d-sK9iMi3gYDuiQjcp98s4-K1hmttqT5ZjI82oWyPy6w=,0-17,7724268389.702427
Ethan Cruz,patrickpearson@example.net,18695725845,2023-10-27,252-40-7663,675942093161,**********,************,gAAAAABmZnCfkHVy2hEkesAB8_6n263HoX_AMOCGkkHr-LD0ztGuGShmp5KttPukijksUBfIv2FdYZp5wRMBOkcXH7J8gAmZww==,gAAAAABmZnCfBWOHbvk18uG9_mWjGJ-m9im6yfGA621NnKG1tXBwuOy2r4yrvMpLb_gkZ0moqTRaubz7jLqoFP_g80VoaSYZlcb4KHRLqlfmTlHUikS5JT8=,0-17,18695725845.12622
Nicholas Benson,ddougherty@example.org,60379978529300,1956-01-02,074-73-2123,4785477432154210869,***************,*******************,gAAAAABmZnCfWE5xPlFUsSRIgcXQuRqfby9H1fx8ieEth9AGifWeUdcQRbtWdUbRVD5C2Xj75JFPJo03EQkwCFpZx9aRDzvRdA==,gAAAAABmZnCfYoqV_dwL-j9w5qjmyMS2tqek7TO05JCPqU6TRdhv5xJ6dIgYoboQj4SJhuBdYCX6kPXhoCkk_fbkoNiFIf8g9ZeUdqiCv4qEES0P4qq2hE8=,60+,60379978529300.15
Michael Campbell,lferguson@example.net,175248636004897,1995-01-02,350-71-4539,6011093099422163,****************,****************,gAAAAABmZnCf7fIUi2DpDyjbo-Q_wQXFYYlXXLADryFFI8UduI3y7Ksu5ccDErHQYkQD_i-kFs_-QLJjet1DQwslbKtGrRYYqg==,gAAAAABmZnCfxIxl97KyE9zceqvOd78XqrlA_E8ht5oN5JvNfua-oNBQqBUMxJ12BL8ZlEkHdV_cAtzbIoWeb05ns5mvtvRHX7II1kzN3J4_rwdvLxXXWZA=,18-29,175248636004896.62
Renee Watts,mckenziejennifer@example.com,7822103219,1996-08-18,662-96-8078,4008963679836307,***********,****************,gAAAAABmZnCfLFfGHA962yD6EuU9GUN7Y9DnfAjPE0z-XpSymOmPQDeKOPnd3fTPwOtMLPzyJdYYoEmuLP1szX1e_3RWLvVR4g==,gAAAAABmZnCfqxOL0gTSR1ppAVE3y-V3zHkhMcLiAilYJ_P3UGVBX7mZCdidRlkWdULe5Zn-DEANWIy7HR-d0CnbV3MRkofUl533nb0IdlZz1gaU27YVw9E=,18-29,7822103217.518451
Rose Walter,youngscott@example.com,6092632316,1968-08-31,501-88-8358,2426610722087952,***********,****************,gAAAAABmZnCfgAzMjXAiQAoSaUD0jW5JnssRUBmaTT3Cpc-NIj_-9JPNFQ5FT4c9DCOiKtxPj9EAFgQQlxi5pFnPnwDfPpsGyQ==,gAAAAABmZnCfpaLIVjdTuxSiE1ZaZLoZR7kzf3KIr_UiisBWOCQ36ceXAOz1dUGyUi_6oQLLB3eM7MEojybHIDpPpN2fMFm06o4TOzRCqwjTRKRiw4lDTtA=,45-59,6092632317.751229
Julia Acosta,nicole64@example.com,15025105867,2001-04-09,154-17-8413,377937134858065,************,***************,gAAAAABmZnCffUemcmm-qu7IeFJ1dT6OEXBceEcVpsByVYQxx3w6qNNXWlKjWELUVA-Mn6q76z3CHQc0cZpZbcweVMhK9fPpyA==,gAAAAABmZnCfoqonxeJF4sR4ilVcNsZE8NXe2gC-nXfssAGaIcIflMv4Rxmdk5YJX8XGwt1pPS10HAaSpX3QU06mApwwfS3Pafw4M5yrCWMFz5FTS8AP5oU=,18-29,15025105865.945
Anthony Collins,brandon19@example.org,949597280341996,1960-01-14,803-37-4841,4085601636837,***************,*************,gAAAAABmZnCfbbkovH_5RbZ5vt1qeTpTehyzS7nIgn9ylN4wKLAZYTQEm1RVgAylir5jtD2PaGX1yrDnZkWlcXmQC2DW-Io-yw==,gAAAAABmZnCfplEGlVOJRhoQZvIg3yJG3lcKIqLMu5mXeH4VnOVsWMSm4Z03BSIBmC0kxH6gVfNAmpMuibMwyPxmUEzp4qlxnfkY5QbHu3S6O_smoNTc2LM=,60+,949597280341996.1
Kelly Rhodes,marshalleric@example.org,1532213645267182,2013-10-14,596-94-1292,4332421432561602,************,****************,gAAAAABmZnCfEWNpM6-szQZcFVNj4ISXr3jOSfTGP-odpygyev5grO-edGNpe0qir-KmqpW4r8GbwxhSjVBCltYMH3mA-rzuog==,gAAAAABmZnCfovsC43vRHUfXCL12TOE0qsJ88eVIjAxevqBOy2Y4NJ5u9G515JW13P04N2pLJg77PnlOiVbLTH9_Xgn4yaDT1LWLFbEiyVcO5Fkar7yV-6A=,0-17,1532213645267182.8
David Franklin,jill69@example.net,4693953807,1958-10-27,386-44-7355,376502779715334,**************,***************,gAAAAABmZnCfMeXLH7UOFjrDzdPS2m4p_uEXEuCiZBu8A87K-uC6c9q3udarQ4Qhu0wqtI4lzUjE5uglWzfLeb1u9ajUmIji9g==,gAAAAABmZnCfOE3DfhT48raYm9C7WiW_jb_bmJmjqNahaI7hl9RE1Adeei64kgZ4it71hH-57_8gcLvo91a__W3XnSNTdYZZgqQOiPqddX5-JU7ZzuDG04U=,60+,4693953807.489633
Daniel Haney,brooksnathan@example.com,1241303752729445,1973-03-12,109-17-1225,180064743555763,************,***************,gAAAAABmZnCfSXnlOZ-hMRh67XL7d4IdeZ2gqqpXI7v1WM2mew_XNULvMddSHBkwA0b8tV78BZQZwNndxeHV_vb1I9yHt1KB3Q==,gAAAAABmZnCfydNhu04OfTt43YVRwRMfQJC7mEhFx2ce-0krru9XIsjaZf5UkQWa_Qiu8NrQe2prE5-a2vv2j90ZdeTLShr8ObB_GjZ2Soc3UIQNFFo9W6U=,45-59,1241303752729448.0
Bradley Johnson,shannon45@example.org,44182940836266,1950-05-30,709-95-8169,6556439197129260,***************,****************,gAAAAABmZnCf_YuaZcdTwGGCJKFWwG_BwBg5povzBwLgG4oXdjvWA5CTeWRvemrl_0uBxJRgmmpy__O9Hf7mvtbVSQWC8s9s_g==,gAAAAABmZnCfHp6H4UHUXg_UMng9FfE4N8h-7mxPcyH-IjMMcMWaHhQsEKWK-2secdSNQrm4sC130n_fZmHjVkXk4piKgdKnr1gHRp6CH0ZStZGF7T68XTA=,60+,44182940836265.66
Patricia Johnson,esandoval@example.org,890540559444222,1961-05-23,655-63-3166,30186705034701,****************,**************,gAAAAABmZnCfV7eLAvvt1fhfjkWMWgIpGmC08Kydauzg8aYvIIojro16mOyf4sQ6vsZ-4xPWRDk05GKbK-avViFJ7UDJOXqG7g==,gAAAAABmZnCf4Rv1Vo9JAEgueRpuNX1CZdzDxKHZTWLDkNedaskTmXzesnDuyfh0yGCzmqn9sWcRZXnPa324dGmj1qeju6agn_E6V3TPtyW71VSIhWhrCVU=,60+,890540559444219.2
Mr. Gary Holt,bray@example.com,142541779142944,1924-06-23,422-62-6595,4706642663658316,*************,****************,gAAAAABmZnCfX4HP4cXUKX_3usakBmyiUJFbSmAbDmcpA9RIf0DGP9siWgIldB5vpd2SbpcVsXy0yN0_ctZneXRuUPiD2XPM9w==,gAAAAABmZnCforh2d6WcAuipgeqc6zbmwU3r0Q2bcFJ5iCRQjKhfyKvKsBcLiNkIbj7SzOVcDat2xoGYB2oLR2HTthpkci5C5IDTHm5UiouP86CKi1YOXeo=,60+,142541779142943.06
Kathryn Braun,robert48@example.com,12002994814,1961-03-03,396-96-5868,4751728388676271,*************,****************,gAAAAABmZnCfg5rI3J_rdir1o-i1QaMcls0oouMCX4o8ljuSKjaFpAw2ITK2b-GtSnKYfCQHjv-3C1IRhD2EBWa2_GTEIdf0OQ==,gAAAAABmZnCfJC9Rck_qr9PRufwd6L_zMRWiIJCC467bZqJvIU6TqeojN-fIL6YEFVmUM41ns5MN7a11maK9jBAdsVN7-wYBrwb3qNnpHXw_MU4tr0lnjr8=,60+,12002994814.03122
Ronnie Lewis,johnny08@example.org,8948617731,1973-10-26,281-82-1440,676398911773,************,************,gAAAAABmZnCfYxUzq5WuYXWzYYvMM3VtmRpdN033HdnIh-PE1XEQQ1MsOK99E-sdQ7hBIPttfFGrE-JvKhpNjeTqBiONuomC6w==,gAAAAABmZnCfJqyEmy9FQaTK6lFPieovne522eG1kGatJmPRgKrr9afa9rDU7kta9gIJUheUClfGmDmY1qOWkvcvIllpcYJKb0GzhNgNXe6NXfP69G2vmq0=,45-59,8948617733.055029
Phillip Russell,gsanchez@example.com,2735794398032,1928-01-05,229-88-2261,4374606378201,***************,*************,gAAAAABmZnCfnfQWfXSV0XE5kerHIe-ZoBe8n19OZROkNs6RUTsHJCdzUQch5_5qYBmxvracfQgCF6tlF58_OzhITdJLFhXAlw==,gAAAAABmZnCfYHHgnbj4F86ob29Hs0gUUugGjQE9wg4gIHr2PKWbHwdxuxDh020sBOxLc4tOOwGjGjDyIOaybet4cMMaRQkGSr2sKntdcRdq1F56q2-Abuw=,60+,2735794398032.1694
Jordan Watson,robin66@example.com,931955491702580,2019-06-18,160-35-0273,180003970615502,*************,***************,gAAAAABmZnCf3icOFb9hezUW6yeFMBgA9qunmJ9w_dk6Qnfn4NF7JOaIs2r6Khszt6zEaIItaOhcnPxCVnfV3ZCEI4gV_7uhTA==,gAAAAABmZnCfaXFMOuzTuHyQMGCydcbAR0_IuA_BLfX5iN6rnNNaQjfL_x8xIvuwx4Hws1bV3B7hAFE0qTT84LT63pesWOY0_pBrp2lZEDt0N6N0jH7pn5s=,0-17,931955491702580.8
Laura Reed,kathleenthomas@example.org,8055042553,1989-06-03,058-63-4385,4123259996348096,**********,****************,gAAAAABmZnCfTvvwd4j1AV4-JWZOY7xdm9jjI8J108YLmxUyXhQ2C1tIhkJtglVNB7r-FK1tpUhvmpSfcmS5wsX-yAbS4zf6qA==,gAAAAABmZnCfJdv7xXTsC_ScvS5WyIpMiOT7O3iZUm48Wen2TFX3CSjMIujpsoyHTm56Fqz6kGO3R_IRYErqase1oHnHqjPpvT5ws4XJlwX2CbPW7mNV4JM=,30-44,8055042550.972214
Henry Pena,robert16@example.net,7218923337,2022-03-31,561-66-2484,371027726752433,**********,***************,gAAAAABmZnCfFzj2AuNn27ty-du9GUMZJ7xWn81g4tDkcpNII1D3ejZY7Q1YRFdoA2fJL-vp3yHgdtaUClbtMIXNAGIqdumFxA==,gAAAAABmZnCfy9oL3Ehboc4kup1B5_lZfP6i7CmFMDe5fG-WNvMHKX1J79unnGI-A2tpepr5wkG2u7haBa5AAlzqiraDHXj2IjhvAgPDh4nClcLC8Wt1VNc=,0-17,7218923337.845375
Jessica Harvey,emaynard@example.org,1410800758287991,1955-12-20,653-29-6918,587437817246,**************,************,gAAAAABmZnCf7NXT9WW1oEfLa3lnvbjJ2i_MFKQ_k99SSkaZiw9ETIGoL1ru_xSuuGamDw2gJWCnvYf1Tq9UXxbYm6X5R3qzRw==,gAAAAABmZnCfq3mbkz-X5CIDGvJCKh6_HnSPiQCSPPFYuCTZl0prsC2aRhhKD_3yX2KH1kjbA0CTRl2acce_2HEoNfKs5WAlXybRVBQmoH8SIcqOPPvIbhw=,60+,1410800758287992.0
Dorothy Callahan,wendymccullough@example.net,3003399737,1978-11-14,261-85-8557,371359341068485,****************,***************,gAAAAABmZnCfhExPb-PtQDgLsyEIa_PFBSv1ut_3TR0zRnO4_5GiZBSpbKZUsYXVIxshGVEwbdRSgSeonLhW7A1ULQJw1uXl-g==,gAAAAABmZnCfE7f0kk0yNEddpu6o0KEauHes8SBnLbkiJnEthPMtQwjROZUwbsYnBIBMVMuae0eWiSPFKaCmhxQeKzWZx0SMLefsWowS2zjAQBICLejKYy8=,45-59,3003399736.369528
Steven Carrillo,iwalton@example.com,362630369184696,1953-09-03,737-12-9099,6541241934392047,***************,****************,gAAAAABmZnCfQ-pb9NC_MBYr0TWA_tUNPatbNe3YbQKfxufX-QusGRDl4wwSH3bzN7KzPY5hTWn3ihlkJBzwG8YiGptII3gRfw==,gAAAAABmZnCfbvciYoknKii4s05gFHwQxKwLw_cRxKpY8p3sUxg6UrN18wsRpJJ0clsNkPPGVGMkhOFdZBL9Mx934eQcIifvOSlwn8xPavjzdudLTx1uGjs=,60+,362630369184695.1
Kristina Scott,matthew05@example.net,6188390933192,2006-09-20,471-67-1873,4991825954361,**************,*************,gAAAAABmZnCfaiDQvAHWqIpagSXgDKIKcHHoxSrPp3_JdG5EkQsVEQAMyqXlD_bgcGtPISfp0afZ5Vfza4PvZvFEiKxXDdal1Q==,gAAAAABmZnCffT-3B74PU5Yodk1gt4RFggocW0EI8_063SYZBZPNhevbr47nyY0YJJoVr1tDD0Hl5lr5YwXD5RJW5rpaAxgfEXV-GMggu10ZfSr2tJ7Jld0=,18-29,6188390933191.782
Jason Foster,andreaoneill@example.com,139247631327506,1934-01-08,766-37-4036,343341093253239,************,***************,gAAAAABmZnCfbqZSOyExfNvKwWvhzeilV8PHCanDYeEbtqiUnzb58KNta42zg94MpNd6OyTUddGJI3srre240ABEGB5DikPwMQ==,gAAAAABmZnCfGdAmxEynACw89coO_MY1NLOuPY_YOxFC9TodEGzfrGtNgf86Ner-fADy7UQXzpU2NaztG-35fzXjLmwfPMEjncFRUvB-sCfa08lpZQaCEK8=,60+,139247631327506.1
Randy Kim,michele13@example.com,7417908244643,2012-07-12,191-42-4908,3559803403188176,*********,****************,gAAAAABmZnCfRe11cwu6JFlF-LKFtIhS0XfBr-9hQssspMxZ1H44bGbGA6zNpJvTzroEyOUGGNNxQK7PszaZRoUQpob7QkSxpg==,gAAAAABmZnCfowBRnrV3bQWpH8FndT0Xp94hsSkbFISSF-AUHP_EjIdIjsHbndmIRKijChGLG1RGgCDCfnYNGNew7qzROftjJCg--IRpLhmWzReUswFpxSM=,0-17,7417908244642.962
Monica Edwards,tuckertimothy@example.com,13416869344017,1984-04-22,169-05-1269,6011277108886936,**************,****************,gAAAAABmZnCfMJx8tECKkuijOBGzV4LJxGXfykJKcs201yErs_CmtZwSGZqsFJwqI86EOcBE7iBedeWFxwgDelDPLw4br19x6Q==,gAAAAABmZnCfwETL70SRlt-hHlQNOrkD18MgxtlIUpH5WXcJlQrFXetU17wqQjJ2iu1oxYNpgquzgthzPTV1dNLLevqPu7IOGu36PlsBvdfqG_e8-FifE8I=,30-44,13416869344016.484
Sara Scott,jessica67@example.com,412635265899725,1930-12-06,484-51-9304,2247625092012999,**********,****************,gAAAAABmZnCfn-cYa_XiLOltnQc9T_grt2kIqA2db26GnuiJkgnuVMCfgn3GmV_EMWXeaeT2lGgbUcik30BPnY1C6lM9q4_6zg==,gAAAAABmZnCfZSWBL3LhLE3Hlpo_WiPaunht8XoB6kd27utDhYXMNll0apM0Qi8kbBpkIX0wUJm5AOzf1s_oAehzVwOtFbVLdby0PTo04ZTIVIVx1nfVF-k=,60+,412635265899725.3
Deanna Williams,aswanson@example.net,9695333020,1934-09-07,298-99-4634,3589144800404666,***************,****************,gAAAAABmZnCfyb5-uWEgR8pmr3yb3VSjYIfJQ51rd9JZs-gv23MnsaZC8vLmWlEINecLOMsO0dAOcCOhuxCgAj0glvSXzPQVbw==,gAAAAABmZnCfyrvG5n07R_H9sjkq2bogHN34Bh9cGHH9fCkQjU93RYYDbqgzLRnf2pd4sNUWazOAGAs9AxnFkWAJmYLTcyhPc1J07qpCH2fZCZTAcdiKxMs=,60+,9695333018.38855
Linda Hunt,robert95@example.org,58252565857840,1938-03-01,413-83-4535,4650497652720221,**********,****************,gAAAAABmZnCfr7zieSyStX46AX05KObzmFbLS2-fx2GKhSmcAr_1zvGBAosAWga6-ZQANtJdaFeA62yd_Z1BnkGu2-dHg1I9dw==,gAAAAABmZnCfqxd0CD2w_DPTU1I5HjrO1p5_Bla3OQPhK74RbV2AySGmxDl99ZdCO0-tzH_Ehmg1G-9B0pr8DAbEI0olukcNMHsJXsK5u7kWRPEy3NHJ2hk=,60+,58252565857844.484
Matthew Peterson,bryancole@example.net,184620167183217,1995-03-02,025-33-3468,4330325924881455,****************,****************,gAAAAABmZnCfeY-EVduJE1rODgNDg6ptZ6peOCrLg2qTsqnYIuqqeM2TTSo83MimD2S4G_rKFzLcKEHyrBWAhyOsZirKNO1JCQ==,gAAAAABmZnCfYExT-WU9CLjDC0aGGFJN4tX5G9pW9esF6dCLZOEapISBL5kLy2_4Lh7IGPUNRU_YQF4JrwQEnwlbeHr5S0Kg6a1kaKOcQERGNhCGWmv7Gfk=,18-29,184620167183218.38
Krista Wells,justinhughes@example.org,2163459182,1953-10-24,270-51-3416,376020515378085,************,***************,gAAAAABmZnCfMwCvPpCJi3vk_GSYBep5Mee_0GvAxHcW1yMDb4dIKe5572elvDWqzcxdFulhtrFsUCl754FCC7-5AELVwTK3mA==,gAAAAABmZnCfdoTtagXEQeTpc24JuYuTFJetr0fGwybb23SeGRv2fOJ75D1Qn06AYMMdgPahIBMtFqWuSy3yDTPaCQUFopUuuLSCELQ9dy4fV_IRSW-KqHQ=,60+,2163459181.542381
Brian Valenzuela,jean10@example.com,7346771710,2021-12-23,469-06-7161,30421781063054,****************,**************,gAAAAABmZnCfIlvMnu9xo2fHaVRYEWOt9-B9VgHcbHJ9sBKhE4tnuOw-9ygeGHl78k2XJ7M-KV4DPzXsMEfa5dJK_OnQBHfRXg==,gAAAAABmZnCfyE9IdOMzsiCMZMf5yVZXRaQEgb-nXxpGJfTk4vOtWHXTbIS2uCg5vd3ZFJTU5vocOQ8f2yabJcZnF8MB_qHq6z_qdXKxDlryM28qqk2f5Yo=,0-17,7346771709.31978
Yvonne Marshall,zchen@example.net,4718677581528,1971-10-30,829-98-1218,3555821766515615,***************,****************,gAAAAABmZnCfIiJzCs2K-rg_S7XNpF3HlH5y3cpMhepRIfaBYSpn0TJ8tJlj4y4KzoItCLoUobdGzWUxVpCcVOoHr2shvnvIxA==,gAAAAABmZnCfJe-NCchqgjpbWw0TyBYhuMcWWDQeUvYU6mwiO0ebisetQWiekZaad4MVkFH4GwgRJmoyb4onzmJOJtcYYFuJKmMxZRESUsZhj9e15vT-7Sg=,45-59,4718677581528.192
Karen Shah DDS,thomas74@example.org,73028525257956,1991-06-11,364-24-7516,30509824557973,**************,**************,gAAAAABmZnCf1CICIW50ZD-MMdlGAD_t5zve2k-cPHsmOG8p0gVZt0UjNXaVBGqiMQ6wi1ubU1TTcLJWCJ_rFutcs6qnOsFZMw==,gAAAAABmZnCf8m5PONQwSlrtF88tQUxbqoZBE_fpbA55SoeyDK8xMPJwWP1sAht3D1ChUZtctwwzsU3g_fDJ4zjveoqtWnHCB6uooGgSewTLHNKusVzEi58=,30-44,73028525257955.38
Brandon White,beth38@example.org,586216447674748,1997-09-08,654-93-7682,5419894884351149,*************,****************,gAAAAABmZnCf9hEL9LNcn5zz5ZNfCK4JSBfq2hHji2zrTOG6v4ETGG2L9bkDffkhiJOdMHIauHwZe3lmZM7Ovuqj3heMKTW6bw==,gAAAAABmZnCf_DffPWiEkvQIw4cYqxhk_KBQncV-balhLGPTCcWx1ooi_9QfeBVnh7zTCDuYKtDlRLLj3SsH30b4-N5Fb8NMY3z4F16AneYQqCYbLgSMrRc=,18-29,586216447674747.5
Justin Hawkins,everettclaudia@example.com,5079372600,1943-03-17,597-19-9442,2712959768502355,**************,****************,gAAAAABmZnCfdq9ybwdtQG4uN_cC768_6IE48t-ezpdHXq7RXicGeaZCE-RedKWDmoXPYwBemxN_C2HK4Qd7Soa-9GwumHjFgw==,gAAAAABmZnCf3tfawVz6ADvLBNZ5biuSo8fHitxCQ7aSaF9OSbl3wytSiefA604bU_wSqcnAb73AdtLYTAohcnERFcgWjuV-RlgRpelO0W6mxEDTRd_cHj8=,60+,5079372598.355134
Phillip Trevino,christinevazquez@example.com,13976288165358,1931-03-16,538-82-0654,2296145412385728,***************,****************,gAAAAABmZnCfEY9FYRTMH0svYAi8enOU3fbjI8NxmitZ4qHJarmOg23n1ZxGTkcDDV2QAKKas88t2o_OneSOGT-V1gtLovFbUQ==,gAAAAABmZnCf6YBf_mXrfvbvSS68gHuc4q1bQXsZkV1iFLqwV7oMOQJW8hOdE1yDWklmIz-v4MRh1H43YDT2S8f2mhM67zb38wd121FdqSUiOOi3IelSc5Y=,60+,13976288165359.441
Lisa Williams,irodriguez@example.org,96647871064555,1919-09-07,301-55-8223,348277498303994,*************,***************,gAAAAABmZnCf_Nk9p7UeNz9GTXCBFEPUg14msFeiqvfTXFVjuITfLw4prYQFP1Y-oZEDGpia-8lXgKWW4MMGR5S_1LsrpLPDJw==,gAAAAABmZnCf4qLailHjjOXlnN1RP9MI0_HCve7vZkg8nYfUH-l5Z5-BLEw8n1s7ASMKqa9F-wgZs0zxTIcprDFJGAE4wVTD9RTBhbI_FGsKIb5SoxqYYuk=,60+,96647871064555.77
David Johnson,carla07@example.net,17818778873949,1918-04-28,747-93-9560,2256608997443921,*************,****************,gAAAAABmZnCfuSaEqBRng5uVncvzjKp8bDcs7JPhsH8t6YVK2uZ7wiVdG-kSmzUiCHhWU-IG1kePLIicgudf1N4RO37LjPZx7Q==,gAAAAABmZnCfWMCU8C5OuCrojf4VnhNUVk9qUJ3i7--SeOWGDF2vlp_iq3Saf93aE-bMyBe0KgVE8zThZ8AWk-cG2RxYr_AJEeNS7T2JodON3b3UPqo_tX4=,60+,17818778873948.79
Christopher Phillips,jessicathompson@example.net,8568929807,2015-12-04,857-54-5096,213136712845879,********************,***************,gAAAAABmZnCf6yhZWlHNAQv4Zj0eda6JhK-CKa2eZxuKDpSPmD0CVAl3uVB6d-R-enXbY4g01QNb1p3GOWNhsPRq2J-8VOd-Cg==,gAAAAABmZnCfxYtJa_yLJmn5_THF75iR0RJso6IAfkk2B38bS1naLmHpYZoJzD2OVRQWO1iYFlfBSWfkTGlx-c8yY4kihQGagM-Np19UFVlsS31gW-sANgA=,0-17,8568929807.25152
Melissa Gonzalez,rhall@example.net,5536643804672,1983-02-08,601-27-9376,4999846378589585,****************,****************,gAAAAABmZnCfmuUwSpYrCNSQGsx65O2Ryjy3TYujz-fvPk5ithA8ULadp3iRe3f2f3XfBS5Dm04v8y5Lu7e_vdGy2V28jV7aIA==,gAAAAABmZnCfl7Ij2186SowM7G2ZBDs1s-uwMiR0T-vNXAFFfDHJu8JIeRaJ1twOKxWCLShlw6vbWiOJox7ZVutcLHP7A_fDQE7iospx-we8ULuxYZytnbU=,30-44,5536643804673.1045
Jessica Davidson,adamsveronica@example.org,2469361648,1980-08-21,320-18-5587,676372276680,****************,************,gAAAAABmZnCfTHkPD-EAZX8EQi4_ksmzqE4ClHY0uUJ_9Zp05AJbUhXIFZQ2oa4gshl8dNZvuC2WLXRZjFJ5ldlcQ7spxSOfng==,gAAAAABmZnCfQ-0m_HaGgmti8hQVXIMMTk74bmIuIxMjccaOPA0wQ77pGkH8M3qUoPVpawC0HEf_aq192wtJ5Z49afj_izO9jqJwvwnadvQO9DlpWDSmOSQ=,30-44,2469361648.617946
Dalton Brooks,cherylhess@example.com,14889895950,1980-01-16,782-53-0461,4693224604136457,*************,****************,gAAAAABmZnCfx50JG42RhNEaCUiLlg4G_3njriWCYvFnJ-m9X7pisbu1fsReKxsXY0M3kHMLp3DsLU3WsGCvQ2A2kmhHOn3EAA==,gAAAAABmZnCfekWSAgt60ErLuAsJSx3cpjb7QcdltBA1h7axbv7HWmf2lJc7qtf36sp81K6oPfr5xSBEUkuYUeTvpOnTDVR_t9D9BdRC07PC3R9JqH1RGKM=,30-44,14889895953.940975
Matthew Martin,ashley90@example.com,1235240775911709,1994-10-31,868-96-9338,4957763995006733773,**************,*******************,gAAAAABmZnCfwW-zgLu-LshraArshcyUFhYNWUwmB0c_VpvHVdxSg4a8v1kRKGReVpLZ2AOX_yLT6YD8qakT7ekGnxcH5XJp0g==,gAAAAABmZnCfl2-193cjYdRmA2xZ2VLr-xqQC5TPROT-FMpSE4ZgFsUNtAXzdIrPh3mj8oP4AZptWUL5XM3NJ2SnLWbwifJpFuvC95Tkk14WlJsNGuC5lfQ=,30-44,1235240775911708.8
Mark Costa,jamie90@example.org,12705611159,1945-04-08,036-68-9726,30177686192097,**********,**************,gAAAAABmZnCf5XyylrT-e_7GwIrz_8ytshFhHMaY5UzN6cq5yvm_8uiueKDaihEU5MYIhVa6vUQh52lOULWgmvn6LXx2yuh7WA==,gAAAAABmZnCfSrzQ34cpZ8xZ-WLf-QdlgISSHoakliACtlloVJdIJDgXNMEMdjUyfsBMjFxDuxoqIhlCOwQJY8Esp8iZuCx_Et9TTyKfEacxQtr1S09OnBo=,60+,12705611157.43923
Michael Reed,ecraig@example.net,67752292218337,1976-11-03,365-23-3904,6011865004781829,************,****************,gAAAAABmZnCfEPtFVJV6c3OeUwzOoZbALb6D0bB7_E03m6pQ1HGfFp9F0zqZ3ibI1jDmNbJlsgakn-hqWcZmCRdax_K_Xf2l8w==,gAAAAABmZnCftOrG6LpTKsnBoH2v_K-5u5g2_2l1BQzviCPQ3kqlXjjIcazfh7Hpf2h9dhJ6D8R2x2HIDFwbWJEQQlwXEhBonpy0-d7U-MDerDqZyKExM_4=,45-59,67752292218336.43
Thomas Barber,pinedamark@example.net,5409377677,1951-04-22,599-76-5830,4033431801318249056,*************,*******************,gAAAAABmZnCfxDeLOF4A4PkI-BLKzKHCgc9FvEdl6fKYqxtNUl1kGe-ITbnHsqrEuRUk_wAeHP32z1gai3H5yN7ys4wq_7Rmqg==,gAAAAABmZnCfLsevL0HIanAKKCibEF_Lc4caCJGD69oMrqftH15dgtB8pTzFTvlZv1kDlF8crhjjMEtge6vWZ-M2E9KNPIUsj7GZx1kxxPVPqemTXwRhma8=,60+,5409377677.379832
Sara Carter,cochranrichard@example.org,1354813056590397,1937-04-02,376-62-0030,585486726938,***********,************,gAAAAABmZnCfx7TPUL5b26qYI-XY9L0O7EqOYbvxYkBTrJWFv95-Y4jTJjAyHUvXmzmjc7XEG85jy2P6DzCrHwTEGdPO8OOm9g==,gAAAAABmZnCftHKGn_4SYHsfI9kwHxKvE2q0Vdlf-j6f3zON5mjHaDXhJwv4CKKQx9T7lxIXVg-L0Ip9gg7nai91iG1MbreI4dZTRGyKH4WMAvGE3-OY7ow=,60+,1354813056590392.2
Jennifer Yates,nathaniel28@example.net,643809307121476,1998-12-11,039-19-6914,3538580754001713,**************,****************,gAAAAABmZnCfgBTh-Yy2DCzsNP7g0_C5yTnpOLGZAOmwliCen_zl0pZKVnkBZAqIwl1G_Kx6ToEfFuUt-ShvcURkehBhtbSC6g==,gAAAAABmZnCfaDPB9qg5LEJ6C26Y8AA-z89FcJneNLs9mbNFBWELdHwWhYZICH0JyCNk4ym21g_2TRF2GD5L80s6-QWCsucll-2kGPOJwXHb3-0gsBSsBtE=,18-29,643809307121475.6
Michael Davidson,pearsonbrent@example.com,73592585204522,2024-01-25,108-13-6350,213178205987644,****************,***************,gAAAAABmZnCfEqwJkp65_RHUB4zQZP2P9Jky7vN044iR93sneusPoS5x_XgwGmVRCLBDSa5CrMkKg9FpMOiq7R9W4nxSD_tzcg==,gAAAAABmZnCfUcXNSv4qm52fqN51Wh_zsfgh95VWD9DJO9w1Smsvo7Pt-RG1AN8n4ad6ZHZ5KKbi24jx87wPN7gOvYd6meC5GP7YX4Cd7To0znJekxGI4GQ=,0-17,73592585204521.3
Sean Williams,angeladuffy@example.org,920659217076553,1977-04-12,410-32-9078,4208794809488,*************,*************,gAAAAABmZnCfdjd3uvNGEgOhup_ILMiYDZKM-aiZmfCJRQKy45ImpmRpHflyUxC8mumPnh-4COgr88ZhVilna9dTPc8r6R9_FQ==,gAAAAABmZnCf2qCSd8GUT68oIRd1kYTTWCn0dUNte6Kw0bpVKn-XP9hqdSJuu1qaNBSabYKnV8M_Yy6Hqrfg7HSkP4ZO8V6KcBIQygEH8MxIr9K0jNY1gHA=,45-59,920659217076552.8
Stacy Willis,figueroachristopher@example.net,454658593415585,2010-03-21,162-76-4588,4379424251865751,************,****************,gAAAAABmZnCfIGDSzaWkRNI1_r-iMjS5FcCEbkcdH-mduYngtNYqWyF4-xImJJLuM66HcF1IUZxehkAR5h1L5aIwvVfn68q0PQ==,gAAAAABmZnCfm64NRJ8l43LAutxHUGvqoBOW12m6RAoeZSZXzfjeceYlnJ7G4juW_wHCH-FSq_RZSnSBzo_6NDvaTq-V1QQexcaOAeYyS9pEPY5i39u0kEM=,0-17,454658593415585.0
Sean Wright,erictaylor@example.com,971750957713098,1963-02-16,302-26-0378,370910667459962,***********,***************,gAAAAABmZnCfGC96QN2m-K5NjLWNm79gwjCCPxP6zY4dx5vJgIF2FmKTEV3GiPdCL3MWzlukkPPXyNEE0eLWFfP2X7QBW5ibYQ==,gAAAAABmZnCfZGZdH780f1Bbyg8cnUVC2bb-KeovxxeeMBglVGpNWn2tO8u6Dfp99sMr-K4UiO1EfnkY6qeFnzeqnzUnfUpSZVt2QrxVU5MKgOBl3ueDAR0=,60+,971750957713098.2
David Gilbert,thompsonelizabeth@example.org,79862890387630,2004-09-11,009-72-4730,374848309250090,*************,***************,gAAAAABmZnCfwq0npH_EsFAUY04FhZrWih-t9R-dv3IoMFIXTFQ2H_g41925nc8TuWo-sOs9fNd9_JIs2tOmdSvas-bnC8KiOw==,gAAAAABmZnCfjCcXov2ymlRyQRA6aWWk8mpGyyRWlS5XgFNrYA7Qp_3pNJuRCUsS3OFqE1QOlDlRfkCWBoOfiFyFbyUhP19XtR87zGJ3TgVDB7krjPLB4YA=,18-29,79862890387632.31
Steven Gonzalez,diazchristopher@example.com,582517904134197,1993-11-18,717-40-8808,561908204853,***************,************,gAAAAABmZnCfk5ESdw-oIsKxdmDDAu0Fi6FmExeCkGRJFFGiFAZtpYEALecj6Ugf3u1AMoKruw3RkcE-LcbVyo0-qTSyTZCGGw==,gAAAAABmZnCfbOTBfN63LEeuJ0Li-ENwMZunRbU4CL6Y_f7cYB1LNQauz5rDDN918pXkpI480acr5uXPO0YbKCPYkcjpidArD19gkcXxEMukaiOxkIGvnNU=,30-44,582517904134199.4
Kendra Anderson,rlee@example.org,8526556848,2013-04-25,649-71-0625,4419834856983001,***************,****************,gAAAAABmZnCfW2cEJ7fUsMx6E7ZDyNTgSKyQEbJc7nuQnhFmoNsDoBHZiGJyyfwRvrKuW1OtvQSUH4g_rk4o4RN8x2O98UNcPw==,gAAAAABmZnCfNxby9aZoQObAk4cOVy4rUYp4lXP6Suy0ExXwRgvex3FwTPIYggSFs6b0-p6EdpH-C2uPTCXfGTW3la_v7geB77mZMBb3GtllEeRebwQiu-4=,0-17,8526556847.534212
April Carpenter,pateltimothy@example.org,7297599107767,1927-04-02,154-96-1052,4405824932544527,***************,****************,gAAAAABmZnCf9WWmueCKjGxvgNxU5X4hF1VBHYomKtUPQz2tUIjUvd2icvNNLZ9lrTgYfHGvtOBYj9kE34iK8tCJqNYfTkzRDA==,gAAAAABmZnCfldf28swVqvyvBPGu4lv2RKaPU9gG5N9OUJz79uiJqj9DxQeJECFJ4edh-5vtTjiyjMGubQXCfy-6DYl_iIKJg65a9YrG0TJXhGYNyeTKhAs=,60+,7297599107766.808
Kelly Simmons,vaughanjeffrey@example.com,122738458119223,1928-05-04,684-20-4434,6597978190505290,*************,****************,gAAAAABmZnCfc-Ei-ghUTdvXh1h9krOtUqMtJZAstyhSbVfK1vvfUTJ52STg_GKetgMANyaFbzH_8XE-UCMJVG6I-tmvc4hd3w==,gAAAAABmZnCfwz7jw8_Lc_LwY-9JH-zNCa1HGDa85ws1GiQIN8LBczuhw60ZOba6SkHDRFxs8F3w-u81lfMEnxpW43KD3exh2S6ZjzSLY6hNUJH4llJOqns=,60+,122738458119223.56
Frank Rice,kleingina@example.com,3155808393,2007-01-04,473-83-8313,3570959761025635,**********,****************,gAAAAABmZnCfiFoJEllRi_9Fks8vKrOW7Qsc7xt1F5uw8E62OFNFwL19Nu77iIUncjwb1YSHB_3_MZLc2Bj4u55RunT-W3hCgg==,gAAAAABmZnCf4IzAI0vdGJDzfxvjfevDTA8Mf6Vd-9Cuzcc8XXf80oM9nU0YIhr1YpYn7VpgdU_YfAP8TgHZGWbduKKpSiuHB7_AhC9AHPdLl4sdgW_Cpzo=,0-17,3155808393.124166
Raymond Thompson,jamesmedina@example.com,5408040056,1964-05-08,622-11-1592,4790438474034812553,****************,*******************,gAAAAABmZnCfNXQBhKi0zyO4687-qHFOp5aMfcV5LUnX-iwAxRkhWxbiL-PJrZI1OjFMelhTKJVYmJe0pYwiiFIhGd9F1ZD7fQ==,gAAAAABmZnCfVpckpxEAReciws3C5GhMJ_92SljDCdYmfXcVrKUKNdDl5SAtLezjn8trJMEZRD2bGn9xbkf3YnIEOhKm76h8LrqjZmD0L65cxIdAQkFeBlo=,60+,5408040057.610859
Courtney Smith,tara89@example.net,64768792817035,2003-05-01,818-47-8294,349263733740272,**************,***************,gAAAAABmZnCfQjMvHSUwVhNpeFwWq8RCnX77IaUM3skWzT2LVntLy8csLtYnGOOYIlQIOq0nUL4eXuc2TLT6jxolNunHujx1Zg==,gAAAAABmZnCfwx9I4zzY7eEUU5za9fTgyBP8OSENiQ1YzdJApu4CD9dGdKzYVn4BjGOtddU0IXmDkD4HJbHUot_2RvV9_0v-yNrZGVD36VYqnAn8tRnob4s=,18-29,64768792817035.29
William Friedman,popejeremy@example.com,1433942309645350,1982-07-29,481-74-1577,30527146307216,****************,**************,gAAAAABmZnCf5typRrhqGshAlemqYaUYBm6YIpNE8Ik8fZK_mrEZxwVKZgaH7X4R-ydBvixOiP0Gcca-XNC1L0Q1uL-eYYwQxA==,gAAAAABmZnCfNgjmFpW2JQAsyc0UQTEqW0pX6wFeZ55kyVI97Wmeq7StM0AQ64We7Dh9gBSA3tP111DGuJ9pPmHBcbTlxMUiriUV5vo7hxcHoyg-yhCZxXM=,30-44,1433942309645349.0
Wanda Hughes,michael99@example.net,2628151459755,2006-12-21,236-30-7005,3583866133374028,************,****************,gAAAAABmZnCfYPNsHcpyvGDfOc7uhAm_YJB-5uhu-8eG-qhN1qcJ6bf39U4V8DjQQxXfeTvwQTX-dnT4Ir2KSn2kWM3qJ3nEtA==,gAAAAABmZnCfaICUv4ZBYop6YHQ-3ypILH7iWDVqXqDGUV1uOC4Yfw7Wn4zymRwDJQ9kWLdY0m44KEUmN54R8G96m4LqzwBg8h4PefQyGzUvLkFjQvlpoM0=,18-29,2628151459754.969
Heather Hill,rhall@example.net,96492413705442,1947-05-25,520-53-2878,213181686292286,************,***************,gAAAAABmZnCfMu7wXpv2tvMj_XxPlklr-Y54Bd_SEL65v2inJqa12C_l7hMGE2viBF-qChf1Dn1bipFvQ76hW_mUP23Z-WVS3A==,gAAAAABmZnCfQu43UIU9tAl8G92ajuO-l91PmT2gsL7T-hAKy7ivxcZACtK8-TxKu4c3VwSnD7zEOr7TYAjGkkMIxdutUipTzrcruqjayKWXPfvPTws71XA=,60+,96492413705442.7
David Berry,schaefertammy@example.net,17994217180492,1947-05-22,013-96-7427,4538103476673764,***********,****************,gAAAAABmZnCfEBDgQwBvdRe1oEtkVo2rdSqoyc19Mw0_CUz0sdQmdL7LC_6RkibxoBKo2WgEUc8oEJXefsyS6aFK93Oo1OxcGQ==,gAAAAABmZnCf6APNDuxCxweLwwXDUQe-j3As8-ln4Eco14wjpoivWPoWk4IsHboY3QgxCMEwfyaqPG1_Fao0nvNBqXMnYvg2N_YY81pazaZP-y_diXiRWTI=,60+,17994217180489.637
Kevin Vaughan,james01@example.com,19066608596,1933-08-03,348-90-9010,30590137008128,*************,**************,gAAAAABmZnCfxeGs9bZcBGm1tDCvATIgORRXjkEotg_IcwjoB5_YqmV1wiF7viSOmU13ZIr4TW7Nr_8BRqHX5AQai7GbKQBqQw==,gAAAAABmZnCfI68j4NV7Hv7y-vs5mtsoUfyGaCdY5ImaAhznB4WCaNbJKrLIJa4dC9JG2beKzwpHOkVx6rtu36M61vht2hAFyw3GUs79tKR9DVpMVRSBcjM=,60+,19066608596.012493
David Brown,mirandajessica@example.org,2794481475,1929-03-15,236-45-2791,4176189205566913,***********,****************,gAAAAABmZnCfJOp2qoIt9JJc2iEbp2A7k88KFno6VnhRr1OZXgtRpVw4EptmcC8JI8T2QM9PBzYFT2R4g2C4XVhHOWSPEbkZ2A==,gAAAAABmZnCfI2SMlzLr-jg7ryGYeiR2F-M5bR_bAySHS_58R-p1ab7T6vmNR60X4aFm46J5brKDAaOho-fWVkPoFJ_F8IeMYyyatL5YmWc5w1IbdOfrJvM=,60+,2794481476.1675115
Valerie Williams,hsalinas@example.com,2039242580,1952-07-29,564-82-1325,4341383620505164,****************,****************,gAAAAABmZnCfGdp3-JwREo9jPvzl20SD8nqujjx14LZtiqfRuX1P_TAEi5a_PtiOMKW7Y15gupVvsuBL4lDajiHhPQhiM06YMg==,gAAAAABmZnCfkZ8Yn4Umh0XeP7jUfL8KsFSOSKepgcy3MD96r_yiOet6enM4SFkv2uRr4ZW7qAtJiSGYTqe-oGejk8oZpwFr403AIaAXozT6MTSXGLAQCHU=,60+,2039242579.5373058
Mary Lee,hunter58@example.org,28395161633907,1952-12-20,795-18-7104,180057846772376,********,***************,gAAAAABmZnCfdGJL3wmy3q7my3OMbzC1c24fJV2I66mC-jlar-Lsx1jHomLzCl56WpKpsbki6ope-PsAEwwzpI350I_WW329Vg==,gAAAAABmZnCfPSyVD8MQ_Fdh_tY5StYwMXQ4VVq44Z3IlM-yGF2-eccUab9ENacQS6gubEP1rcofvRiA_nPCOF-MyjGGEQL4msx9OIFhlhWWn-JB5PeZ3ls=,60+,28395161633907.33
Holly Merritt,vmills@example.net,54939982063333,2007-03-15,598-84-0951,345667160413431,*************,***************,gAAAAABmZnCfwimQsuFXLr30R_4iNPo3rV7D7pFnymNEIo2emxoLfU1vHW5B1XCWNbsRRwzAkvf-1_vttCmyjgihMR6SI6I4nQ==,gAAAAABmZnCfCwrqLFujKwQlQL6fi4HSZNU9kOlCJAXvnqUh0OstQ_PmuiI8s_TR1vNrUBHNk7477rvxdtsJqF0fBY_VLmbdsYtITEJ9uanYMKSAnFYfOFE=,0-17,54939982063333.69
Jonathan Scott,merrittrobert@example.org,13065131677437,1953-01-29,348-08-0114,4156163272162056422,**************,*******************,gAAAAABmZnCfqL_JsE4qI8s-jl9cZNO9BRAQxup5t3xjsau5Xtdhe5iEpeSD9LgAKMKAFzEf1K4iXeJN1_0BxpDvSLMEJPMYOg==,gAAAAABmZnCfcpmRJflOKeGzYa3t6jVJd56ZL2RPCElVMbIWJysK46tCECIEzbbl8IN24-_GzI0DujH65O0q1kvfKyHvRyQxtRsAStw3xRWx534a8Soj8nU=,60+,13065131677437.777
Kevin Suarez,wayne22@example.org,7656267242,1923-07-22,191-68-7073,4584974947192078,************,****************,gAAAAABmZnCfWhKjOP1LHaygaILfnWwOWETiiS6vU4736HR4Bm2Lgan6UyndX25tKrquKk8MWD1s2s4lNm8dY7OREYWpwW2KeQ==,gAAAAABmZnCfqFTmS1ZOB3kQrV5_YBHd1-waSRfEakqNol3rGWB6SnctDuMmEhYTjIbgj1RKQWy8iHgrDQjRV73TiNKQ_2pdhebh1EBbGc6YEidp6OTizvk=,60+,7656267242.654252
Erin Burgess,qpatterson@example.net,6633855529,1986-02-05,769-86-5729,6519393170390686,************,****************,gAAAAABmZnCf67UqNpYRijnsH7KxFbSDB2n0740q6msqHw400BrS2jHsgveTwmFCX8Fxab5oW9TwYeAf-uxG2rrid8qxbxiX8w==,gAAAAABmZnCfYpVbm9oDr2O_KWzprE-ZzeywoX5IWcgvhLuYiBW_FXBPoitrZFVyVft0CKzdWdOxV2VGsXFDeei8QdvjcyKhuaZnAFH-B-bAfvp_mH5xfdE=,30-44,6633855528.483
Sherri Wright,austinmichael@example.com,3774331332,1943-10-18,611-32-4836,4370417135863,*************,*************,gAAAAABmZnCfCO9_mMQCw5-3F1CQ7AJ67yyivDBIDsYsI1-CctcUcObO_AdbqhHhl6TglMnN5qrl7nKfBhFpK_uanZsBDyrjOA==,gAAAAABmZnCfQfSDOv86P4ZTKoTuSdGYKTcGVq3v8t09qtMjS6m5860dH0exEkgZt-rdmDs39SyX_ZlUy7noCVtA7Mvu1IZoHHAaySvI6VvlMMsdQx-aRxc=,60+,3774331332.081661
Roger Hansen,danielgibbs@example.org,8252956780304,1997-12-07,709-19-3731,6011027005626855,************,****************,gAAAAABmZnCfp654Wkpij0bhCt3isXLNJynqv98MRdD7j7jgSweCXXHrTrdzllvPaoPttwabHtta__DU8Q2zwQo_ZQm12O1FvQ==,gAAAAABmZnCfsa381BxvgGtVqzd71yYHHBZCegn-8dY4LrJE-RrkhvxZbYRzV_gosbOJ_Ry9G39X6B6RmMaJphB7xEOJ0IpTh_-Aa2coUs4w00bwERbmTek=,18-29,8252956780304.469
Stephanie Jackson,zharrison@example.com,9557690680672,1957-08-11,679-70-9611,2298106752740482,*****************,****************,gAAAAABmZnCfrPm6IrvLB6VOkPNPUTjDFMoaR32JqKNvuPjiwJCGy8tWqUaRX-3f_mfU547niqK-zaMJZjCZteLQJppz0aSiKQ==,gAAAAABmZnCfYaVr1B3kGXusW5Wk8FtHD3DmZnBx1lv_uxpSM28aEKI3lB89jcs-Btmxj2TYsWB1xiEd8OwtkwDhqp-lbyvkWUn6nzrg2tVoGOavfjuOf88=,60+,9557690680673.441
Joshua Miller,simmonssharon@example.org,180945755522632,1965-05-08,679-60-2288,375384847287443,*************,***************,gAAAAABmZnCfxnzndY92WcrKF1_QKOgY4KNdCKka08yNHsKkXVdWkNPexOmCsAP7nKWxpeHKiF63EaIt37Ao1Mt7s0DSkmgfSg==,gAAAAABmZnCfCvYs39uw_wwoL_dUjxGr4vTFq_Ol8283HeCb1PInW_A1dAVCTScvkxn6ipOvp9bwyjWqIWM6J8lfio0Sdyv3drTwck975nqEdcP9JwlwJr4=,45-59,180945755522632.2
Alejandro Weaver,averyjoe@example.com,4627960242,1911-03-30,569-66-6880,6575787069174872,****************,****************,gAAAAABmZnCfq8NhU5G_QuPhnwd0vIEpu03Au67Du7w1NqXi0d_l_xUNUqtbStF8u_gvhETFpDDx8RGkRbZbpYei2BeLuuREIw==,gAAAAABmZnCfoHGW72MX5WhvLLpolpJs0c1C8RHYEMmlFcqm97_OT1EJWw-AwWi51HXIPNDC1LJrlBgeMQzE2x08Ii-lYUN3PfTyEXnhLWWMUlck7VPveCA=,60+,4627960243.826118
Jonathan Estrada,thomas10@example.com,3619262123360,1955-07-20,280-99-5835,30147183904849,****************,**************,gAAAAABmZnCfhlUfNXbla_E7OrkFN0AF50sOLgv8cuZn0_A4SgbBw73R8xVnVKFULKwaJMQHb-6218i9WjEt_hj1eM2WiPDQZg==,gAAAAABmZnCfGz70Ky0iOo_H8DmpAuDwkHXjeUaO_caJqrX11wd8srsrefmfl2WtDgAEajBpg9RbFTEV1-m8b985w-PwF8evmYhfKeUI5r-xnTS2gdPnAGs=,60+,3619262123360.1216
Shawn Meyer,marywalker@example.org,558581292646347,2019-04-26,883-87-6791,4819458721636049741,***********,*******************,gAAAAABmZnCfKJ9SG7cCfAdDgIzNMge5jvXMlQfgXnZg36rjqyjzEnDY_Uy5ZjQj-Wyau0oIDDNnkTKDCn_9dgozNN30jtFLRg==,gAAAAABmZnCf6a8N1T5Yd9bdvaiAiyqSMq_JHKirXw3dPA-djpjrEHh7Su-SQIqnNEfVQvkM2ME5PQdfQCE-f9zLCWFbo1OB3OdOwkLBmE0GPmwSZmh3qbg=,0-17,558581292646347.1
Michael Sanchez,kwood@example.org,59192178799592,1949-05-28,849-99-3756,4729120223680657072,***************,*******************,gAAAAABmZnCfChZP95k4r2DQlt9c4ls_FOu78cRmtsqMqcwuESPOCUSDZZDoIZQ5m5Y_U4DAN6_8G41FACQ5_27OuGv6ust9uA==,gAAAAABmZnCfeEp1J9XYITuzs7tZpMESpIU4maT3VJIqw0BORxzv8_jwHFEXGc_s37xliB6U_Utjqvj0flF522h4KutiFqddF6owXUPJdG6Su_Em22x-j8s=,60+,59192178799590.11
Kyle Leonard,vanessaterry@example.net,12674259491,1946-03-24,014-64-2815,4127584971481315,************,****************,gAAAAABmZnCffA5J3YRmm0qc9kJqhaeLeMY7KXMyAa66Ihz8-Yxb8H_-xI3Kw8XE6FRweZ0R9IylFGb6CnM3cNIfRUriUl_smQ==,gAAAAABmZnCf4ElEoa7JBjRNs0OPr7r0Sp7f3dmI2YqvsauQmZNpGykwnEaakkZPIqJVJFHqs5LFoGt2Y7TtXT-y5glmhDg1m5jP0PdmyLK7iZImoPMtyzg=,60+,12674259491.374615
Tim Hernandez,weeksdavid@example.net,8439690957,1978-10-08,222-24-8224,4767315873642109,*************,****************,gAAAAABmZnCflTvdGc4nAev7o8Q0gBQsH5FE4Zxga-VzGAPSYdROvH1FZ2egyUo17el13W-38vSkOAJEFzEJMVEoakmmP5uh_g==,gAAAAABmZnCfPnMpDEyGIe2sEdAmxBSaGvKqhnbGjxepT7f5AN9J3U2HRpn9GHNb14wacovKlOCA4MzNcftIXkvSqZvKxM0nAAtYrjASMM893PBtU04ENNY=,45-59,8439690956.514085
Richard Ortiz,ritarobinson@example.org,1272523654021229,1925-01-16,048-17-7944,5119778917960716,*************,****************,gAAAAABmZnCfmeCA0tfRtCLJtnndONkFGR-mNUQyycsgB-7H-QBWw2rbFJvvDRAt6Q8mgWwo39ySuy0FL96My6pH42rFok0GPA==,gAAAAABmZnCf0yn9YySG29nPJ7Mkuf4nHE_HhVSD4cHeVomHpeBThjyAnWzZuv_hRUFlSre8wtimy0Mk0K9dhl3nwE4Pzk-4ugut3Ph-sZTTvuxb-Ew3S3I=,60+,1272523654021227.8
John Bell,blake42@example.net,46326443284034,1991-04-04,677-36-6457,3556145599682213,*********,****************,gAAAAABmZnCfZMuaLNH9Ivw2L_K-fCYy7cAFKtytsBt65hlzxbMZWXYAaxhUyugTFG65QaTUGyKorw4A4ww73xiO_I4exqQcWg==,gAAAAABmZnCfOS43lEf7P-A2FW_AIogM1QuO-MWrWLyttJeiQnX9non3nqjROO24y0rXWCVplPz1JKbrCFAjpas1EfqGEMBU2U0WD57aFwOY5wwPVv3ADKw=,30-44,46326443284033.52
Jimmy Gentry,tamara78@example.net,26329780653181,1928-04-09,101-11-4972,377283395218743,************,***************,gAAAAABmZnCfNZt3A4a2Qj07LynOFDAvwn0jPhc3EFjOu8JCHah5dvLp0j-UB08KwooKSyet9CIwV17mG_T1F2sce2MnKI-nOw==,gAAAAABmZnCfHE0p7EYKTXaPnvxHlb48Ry1pm7aZ1PaL5N20B8FuTTQ1CU6cnZYmbe72bHEkDgzHH1t_VvHetk-vCbMMfHQ-iKp6N9S7Q5e0o9PzI7hDvBA=,60+,26329780653180.957
Melissa Perez,ngomez@example.net,14322545399,1999-01-12,541-57-6350,4020823117705877513,*************,*******************,gAAAAABmZnCft3ZRPgvbFI9Xap8Et8wkui23LX9wYFjeWxCrui0cw41vPPve11sI7zU9SBsAj3_vE_2naVhGIH45lcm12ut0Bw==,gAAAAABmZnCfPnAJNzAvSmiWNPalOWX-KSXEQHJa4qvku8Aic3ztPjyuZzm-Plh1zSenNv8o-e9B35RvWDb9Dx9OvlUzdEPoHOJ-tMNb-2hpxDvlclloiGo=,18-29,14322545398.931225
Mark Oliver,kaylasanders@example.com,2512689014,1999-01-15,559-94-8493,213129223670803,***********,***************,gAAAAABmZnCfpABOrsRicb3IQm3DoCrDNFbqlxpeWN56LOTcahB1DXeEPibQDC2fvT8Driimu8dMUQTd0a1_0_LEZ_0YuIvQnA==,gAAAAABmZnCfNNSgVUuetWk5_TEez2Y-NuehN1PChNj54yo8Mq4dSFNflkC9KVWwIHSDpLfA9iV-mCd1a06P0D9_c_7H7OJSgxQMhxeKA3cxmGKkjsldVWQ=,18-29,2512689013.750593
Jeffrey West,wnichols@example.net,8927382196,1995-09-17,044-31-6643,5264995293121555,************,****************,gAAAAABmZnCfzV9Rqd7Ul064xPdKkl4suKziYihLoYuCuyenVr0IoqMN2yP4Ev8OdFykN8mPy_AFq9o1KrYxXjYfYsDMrWojTQ==,gAAAAABmZnCfnMReUZmN2ENJM4qOuwzFS4yBzPMeNnSlEQ5fxkn-su2eHOsA8fE4TqzBrzJ-3-Q0Ku8XksbJo-oJX6kzbKpzMclf-iEs17_UXs19TmnPXPQ=,18-29,8927382195.132067
Victor Miller,oferguson@example.com,1611691936108630,1912-12-05,502-99-9102,6011019923194033,*************,****************,gAAAAABmZnCfExxG2XKlwUBgSyNAkStx98U2qvPGkh8B_oyX50e8r4PWqfzKmvJWcaGpbDRx4DSAqhOcUNTLWZIN6pM61YKPog==,gAAAAABmZnCfvsRpF0-47cjNtWdfQ3RrlNP6MfKwB-s5d-yuR2vjT_nmAMTuLYO86Nl1Bf7YkZdrg0t0XdVKiw51gPdQ8QdajRwOfz9Sb84k8tKf6foks1c=,60+,1611691936108630.2
Sara Todd,anita58@example.org,416391283725088,1986-10-20,695-75-7337,30468609934834,*********,**************,gAAAAABmZnCf6LQaOMvsO1PvofOQJSZcpWo7FztmbzcAgOL2yN3grvJYc7hm1l1OxQZNP8bhAt7hsFk5K-mifaTeVEoOt2yM4w==,gAAAAABmZnCfD7hdOHW21w3m5hWFF4tdlnUPecDhmjg_PyTYmh5Uo8ohIPApQicgI0ZXBfGccFnCVl3sHyRFHEyEVXYR-3vhT90aGuE4C8Dt-erIjr-uUq8=,30-44,416391283725090.7
Christopher Calhoun,vargasjacob@example.org,8834006252,1975-03-31,042-15-6223,340784967696814,*******************,***************,gAAAAABmZnCf1TJ5sB2VUNp6ehd-1O9xI5JbVWoEacDmq9dmi-9kJpbKlcGX7phvy7jz0MCBrbxkX4WjLVXvyjranmoB5nVVOw==,gAAAAABmZnCfXYcNIx5rd1dmxRqF1HvIYQohtnqJEAwxhmSd1xsFrBmDOm6SQU2wJ8xtr-LjlFQTJSDf5nHvd8G_QGo2WhNQaRfZs6Fax9PUNInNJD8Ngkg=,45-59,8834006251.057755
Meghan Diaz,vunderwood@example.org,3343203570,1962-04-14,117-40-3450,4973061435735870,***********,****************,gAAAAABmZnCfZdFuN2bzFSCqwZ2J5qqFqCQmED2ZDTe1OV4-9Cu6F12zHclU_4tPrD4MlNa0Dc-iTfXjwZY7aEvNRnZmNM9gHg==,gAAAAABmZnCfxy4kMJaA0dOvH53KUw1J5sO4QJgFOJvQX9et6N1QaoQM_4TQ0VqhdVzm86mh0VVOaj4JZWGnRTu-u5MOtO6KCUI-1B3v_PiR0aBfDlPuuMo=,60+,3343203570.1871247
Jessica Dean,henryderek@example.com,6494309171750,2021-11-12,211-04-6711,4879751218796,************,*************,gAAAAABmZnCfW7K-gnSZSC8NJghjgClnb1IeYD2N8SBFog9uMQpoa79Wt2UJyVLZqTuQrMKKgtF3n3PgV-k19vkwh91hIsqB1g==,gAAAAABmZnCfmyLWa4QMtqbely9hO2xGXgRS0i3SM7AmZ5BM0f_UZmX5bikgiIZVxoVO6tZ4ewXkO441Mh4wsyXei57AgbptnDzaFKWU5lKBf4UPZ_5z-Mc=,0-17,6494309171750.513
Noah Martinez,christinaallen@example.com,19023405356152,1929-10-02,679-99-5909,3562275564565556,*************,****************,gAAAAABmZnCfkGuqLh82w0XMTi-oZnEyN5umQWcuCx4tj2TJNj-XVxCXNc86qHYN9-q3rbFVmBkcCRbdEfVRdkOJw-BUkNyyHw==,gAAAAABmZnCfID5kKOW5BB6cl4p1Z9m_H5JlUhvNYhztpVXHDshRkP8QRWY91x423DO9fNPqf-_2DzTWBmi9zp2lWl1O8gUrJd0Qym8nI-engjYtUhdSGeA=,60+,19023405356152.26
Adam Mora,oschmitt@example.org,7447183473,2018-08-13,703-60-3910,30444429853926,*********,**************,gAAAAABmZnCfkaSEJqzzYVQjTb4HTGi3ZUX5d-0J1dC1L5pkWyTCyuDL_Pqct_5x8_aweeRGm7kJaKvjbE33hCsiZ8S4WgueKw==,gAAAAABmZnCffIlfetNNbE8wo49BCokAc4vm-RI00vfDa9G-XlVmDTuCpqoktHSBYMV5lIv3J6XWTqjtdY-coN6oEc1zWUQO05yuTN-ofiTrCoNDnRnSE8g=,0-17,7447183470.872526
Kristen Scott,beasleyjillian@example.org,9139069679,1980-11-11,393-28-2649,30380806778734,*************,**************,gAAAAABmZnCfy_zR9A-CGAN1TD4WJIJJM_bcM4ktA9J7HdJIycyNH7KpEF6nh_r_K5r5KIAvvHjIrIsIwFxrPHS9IdYbPlNvJg==,gAAAAABmZnCf1QXLslDpobWt7VpWDlSrQQFPF8yANUSooxsJXt5uDNCeUSuHHOAVOQl_RxE1t9Y4GNRJ-2hGgrC4K_0qf7r53iE0OQ06C_WpH3skHjCM2rE=,30-44,9139069679.349983
Matthew Martin,justinstewart@example.net,28870230614241,1943-06-17,631-55-3788,4511687219018742,**************,****************,gAAAAABmZnCftj7A_mz3BMndBPZ6oAIzVNdwy-Y2PNNZZeMSTpaEf0AktEaAZmw7GTpHSEW8Jn2hZxjk9f9IZaevvdiC5JGrNw==,gAAAAABmZnCfvMTNpVEurbfLG-YXpsm21aqk-sgX3R8pbZdTdS07rh3fmWnVZnqqF_uw64Qk0fLjLc9Q3JlpRZBZJc-E5ygjB5s0xII2268iotUFanGvLnk=,60+,28870230614240.617
